469898,21024,15592,30265,30091,7224,29374,12442,0,0,3
1495717,56904,13756,16496,24743,12446,6140,8738,0,0,3
499759,45353,9668,15400,13956,36470,24945,25438,0,0,3
704151,323435,36164,80656,51008,30007,9317,9614,0,0,3
1355508,167923,67657,93423,106288,312843,101593,95147,0,0,3
1501706,198938,20081,119683,52532,28013,11724,15974,0,0,3
428200,441354,75908,55674,55309,26688,65388,38586,0,0,3
991345,591182,109846,104593,228539,127972,58132,93898,0,0,3
181642,133886,19058,13317,11028,33179,14423,12512,0,0,3
434604,883061,40377,93157,111134,86795,26721,39267,0,0,3
877301,121918,13875,39870,52508,67273,47445,7259,0,0,3
721567,275042,67391,103445,39181,22265,15890,33352,0,0,3
2956334,1382120,1275747,1007379,116565,212342,293514,161271,0,0,3
2307134,115417,21574,63732,35670,14178,41041,19678,0,0,3
1259498,167569,33917,3002,14880,20434,47425,13980,0,0,3
403278,69807,14343,21670,7883,31171,6936,9288,60,23,3
730153,230458,42985,21156,79732,66740,73579,26231,88,30,3
1241873,120747,4611,5021,16330,8722,1271,5578,88,30,3
804533,273733,51579,12870,31578,51665,18421,13923,67,13,3
212095,45562,3264,11427,14309,5073,3334,4605,67,13,3
1131416,39355,448,4681,5043,6774,950,1549,61,4,3
668883,252212,165814,26539,205940,102646,43266,40116,61,4,3
274690,46644,25377,19260,16697,51065,43162,37642,61,4,3
1068976,430128,576155,467698,594332,278459,457883,265338,61,4,3
44717,42022,22218,5958,16733,8725,11557,19045,61,4,3
431979,63973,16619,18888,92215,26622,31197,28391,61,4,3
761701,40356,7935,9888,23617,35275,20688,22763,61,4,3
852635,174259,13760,105817,127445,100156,78367,37326,61,4,3
1286286,116728,14799,54334,196010,117588,94263,90008,61,4,3
1895393,315504,137162,273932,90788,90472,116195,283988,61,4,3
1741134,820079,26743,77025,82169,115767,84043,37555,61,4,3
660174,20214,18335,37098,7861,6557,8945,11634,61,4,3
856472,29854,7962,16490,13108,18789,9152,13591,61,4,3
937542,478647,30500,94298,62475,110482,132473,109663,61,4,3
1103671,571879,72702,67647,84620,85960,61739,34178,61,4,3
831580,238187,196686,78109,54623,98898,43990,117018,61,4,3
1577373,105556,102417,99704,175875,188805,148994,175901,61,4,3
952381,189167,41457,292371,62011,60611,112720,114666,61,4,3
202153,41330,10670,4434,19127,6879,4337,5014,61,4,3
59940,9685,923,5943,1274,1385,351,277,51,7,3
1849409,1189536,41394,82677,299209,132742,83067,88744,21,13,3
250182,102500,20075,68563,6204,6885,16851,7897,30,14,3
171920,23287,20927,3661,4989,8360,6499,7799,17,27,3
561162,307198,43875,10114,45688,52200,37699,22462,17,27,3
278325,537400,56320,213928,255649,201799,194155,160815,17,27,3
2256527,828648,440909,264824,260374,637553,85563,99555,17,27,3
863496,482351,114396,59418,77993,102586,82684,56695,17,27,3
2099696,417660,86252,71059,61955,81181,41992,33840,17,27,3
115976,163360,159221,8122,35918,36727,38816,41283,17,27,3
182730,257206,15573,37080,9956,28264,27315,20864,17,27,3
394894,944782,79719,383186,430588,921301,421026,306407,17,27,3
274306,193115,343297,48404,93868,104310,54086,49047,17,27,3
627692,680953,34831,509796,556391,55327,50118,25969,17,27,3
243096,543833,121346,16027,45397,38313,46303,32176,17,27,3
576259,108069,7658,29040,13043,11112,21267,13862,17,27,3
724514,335651,21884,23817,42905,196914,76594,67739,17,27,3
762987,248118,123479,38966,188506,94371,198802,197803,17,27,3
1744984,765555,747381,572436,268331,269052,241700,194648,17,27,3
830850,610463,553905,482633,379243,564126,96191,122630,17,27,3
1204910,218393,239179,68634,143625,196289,109068,91409,17,27,3
1829969,120321,36576,20826,13157,23227,18753,24745,17,27,3
279071,15479,1786,4105,3751,1367,3414,8472,17,27,3
95563,92452,31736,48940,55658,55358,17593,46318,17,27,3
1033865,229788,175462,231399,78824,115386,77180,74974,17,27,3
497971,695986,405391,244717,199897,145087,187152,251001,17,27,3
716181,335091,321119,289873,251564,90692,140193,167719,16,38,3
1424244,93246,19045,48609,142670,136704,102009,40966,16,38,3
542578,234306,15418,31680,22275,28830,11160,20400,16,38,3
407154,47527,35927,13695,26124,29654,18324,40984,16,38,3
771594,308731,302101,286829,114386,78289,75993,40167,47,38,3
1606578,377128,158563,78667,89295,159733,16420,14535,47,38,3
375262,41488,22249,23537,24722,25117,13507,18337,47,38,3
80591,30671,66840,36263,25857,43392,34844,10383,47,38,3
1361324,442375,91371,38816,77839,83485,215209,142642,47,38,3
502746,140393,175333,190884,29658,27980,54839,83532,56,48,3
1425831,670556,1115066,1217434,905328,579421,709786,207828,63,57,3
72497,134700,57512,24566,16377,6206,7441,10088,75,64,3
336530,162227,20182,24333,50918,73820,71907,21132,34,64,3
408787,122950,35222,61913,16601,26264,32565,12188,47,61,3
144998,117665,100008,19180,6182,37151,15552,13702,63,48,3
2694628,185474,45339,78087,51903,79239,48439,75377,56,44,3
17393,18564,29421,23398,4045,14122,19225,6273,91,43,3
73254,19284,5139,1667,4277,3929,3336,2187,80,66,3
233088,95324,16260,7837,20617,14166,5747,4244,87,57,3
1365386,354048,92998,99792,52335,81179,39880,19629,80,43,3
867533,64934,8539,34280,48670,30601,4770,4870,70,41,3
427641,24167,11991,8261,4001,8626,6146,3477,77,24,3
352073,90559,29608,17848,12802,10605,4148,6906,80,34,3
1142370,271566,210537,293161,193212,202089,91438,33016,74,43,3
497668,104696,21816,33319,11503,28746,28142,9817,84,50,3
980661,110540,74167,7393,7088,10057,16964,13028,78,53,3
2778651,119527,225972,101811,114075,70167,15071,25231,56,53,3
1245950,186707,11123,95517,84653,33112,34082,26650,69,64,3
2971279,1231246,644777,304743,77405,139323,147468,103712,69,64,3
779489,972898,343030,53648,195301,476736,192404,172436,47,63,3
480364,225528,95868,137578,44387,22927,20892,6372,47,63,3
1037561,357934,251085,154658,152824,399111,424805,75717,47,63,3
2038521,461599,44371,129052,237839,64245,34079,17628,47,63,3
877011,296981,79586,40384,27101,16826,7850,1719,37,56,3
2309100,340438,111201,62133,39839,51273,20657,24026,34,51,3
1816166,44817,15868,7899,84573,60964,19628,39849,24,40,3
60242,91907,71360,2622,11229,10420,3084,3448,54,21,3
79765,36216,15284,11686,6594,8762,6272,5362,43,35,3
1140976,117901,23081,17125,33905,47998,14834,19388,56,38,3
1997144,299289,61961,57306,43296,45776,29462,17057,66,30,3
89960,29798,5016,3752,2864,2146,2549,3009,41,41,3
85084,95086,59188,61426,11164,13624,14768,8961,41,29,3
550146,89682,25781,53381,13418,7316,8814,13824,30,37,3
344526,15258,4224,8354,5204,6570,9410,4197,7,51,3
116196,21812,4004,7666,4818,4951,4711,4864,16,54,3
2285256,369176,208451,42705,20167,21928,4068,3911,26,60,3
247155,105932,58511,16808,4907,14313,6331,9354,20,54,3
15650,10542,3181,5490,12684,8918,6134,1485,24,53,3
6748,27977,5741,4493,3927,3227,2989,1682,35,47,3
91004,5832,2239,5926,2683,3322,2798,1143,27,43,3
68175,47121,6530,1991,2824,1883,535,747,51,44,3
25991,12486,4671,5018,5543,1879,995,560,41,30,3
44043,22227,6185,24708,5329,4602,6553,4854,21,38,3
29126,32953,15718,3232,11265,4285,3388,2808,23,53,3
5517,41912,3671,1970,5178,5474,5792,2215,10,47,3
20950,69361,13703,4099,5258,4441,2198,1362,26,41,3
11713,11286,2372,12617,16593,7295,5067,1840,20,34,3
9930,16356,396,5585,8145,2709,1956,3105,35,23,3
16563,12632,6370,5304,4569,6147,7001,3186,38,16,3
7546,7382,3369,1578,8160,11332,6390,2433,50,30,3
6610,13060,1396,5984,12067,10407,5489,3299,83,29,3
53825,50357,22365,4327,6728,5495,3180,4361,90,21,3
10391,12627,1572,3858,18238,5692,4162,4411,81,29,3
1338345,415346,110883,59265,66047,42096,64315,34334,83,16,3
2204296,169795,87645,41725,35139,10508,11406,12891,51,23,3
769617,157920,8496,18310,9014,18343,7551,23014,17,34,3
489570,109908,22160,15585,40365,16116,14304,2892,23,23,3
326329,66258,12185,4571,4975,6839,1524,2434,10,26,3
19408,11310,19666,9349,12139,4236,8669,2194,10,23,3
201609,12600,9071,3180,1642,1054,2643,2629,24,29,3
12587,20577,8157,11329,15848,10245,3674,2845,14,48,3
12508,19412,7300,32355,15060,8173,5421,5777,26,54,3
15571,8561,10137,9275,2793,6363,3978,3377,34,69,3
2021,26586,4115,9604,15248,11691,6467,1933,41,69,3
16765,6660,7924,4356,6445,8337,3808,5746,64,57,3
7752,15192,6756,42082,3681,10992,3744,3320,70,61,3
2233,10938,2535,11288,4205,10426,1339,2682,74,66,3
4809,9077,2555,2629,4050,9999,4070,2586,80,57,3
10212,3067,1824,6564,7439,6805,4524,2446,90,57,3
5678,11410,1404,5434,10498,6022,4661,6185,93,56,3
7857,15901,9303,7649,7083,4276,3690,1974,100,37,3
52080,6158,21737,4614,3078,6405,5643,3577,87,40,3
7892,9506,5822,6964,8708,2782,4384,4136,70,60,3
49324,44730,14607,23607,15336,7424,6843,6760,53,61,3
156788,88032,41868,16596,11722,9280,2925,2634,37,69,3
3596,14686,13843,9021,15959,7345,2724,2350,29,67,3
1965278,218006,73459,42335,60948,31994,18010,31117,29,57,3
185063,27351,29451,6710,1439,8317,2642,5218,26,53,3
83451,30288,89052,37545,23241,16206,16626,17663,34,57,3
113827,15202,24712,22279,20835,7321,5136,10921,38,70,3
42516,40479,7622,2855,1478,2130,1067,510,30,78,3
7226,12526,2694,10664,3957,5505,1191,3265,21,75,3
26363,38489,26096,27686,15693,14971,3294,4154,26,69,3
94749,19900,6884,7950,5768,2373,3015,1816,30,61,3
2313258,246247,139337,31336,10392,25684,46037,19666,26,53,3
1897527,298415,260374,198994,129464,171516,74846,95984,29,63,3
1586252,131525,24128,22682,6418,14171,4502,3395,29,63,3
12700,8965,5467,9928,5429,7859,6236,3610,17,53,3
15735,43134,5957,10502,5200,5497,790,512,27,53,3
212085,44110,6367,5189,4054,2914,1559,403,30,48,3
78774,42344,42461,13930,41482,11644,2503,4746,27,38,3
9525,4772,7931,3573,2984,3020,1271,1978,34,44,3
37781,11456,8161,252,10920,8626,6745,4606,24,48,3
1032052,330512,10877,18878,37938,96665,104361,26831,44,47,3
2830799,200639,99793,57979,101024,32409,20424,66313,44,47,3
95047,131856,7096,23549,23358,11413,5956,5752,51,54,3
37286,23831,11619,8515,6629,4076,1893,348,47,41,3
37705,11577,8058,24147,7505,14065,3361,2740,40,35,3
34600,15026,2200,5978,1858,3094,1089,692,35,48,3
128301,19893,565,5191,7613,2842,1199,972,40,47,3
6600,8561,6708,16327,17400,4919,4668,4746,44,48,3
20783,10343,2410,1900,947,2112,863,751,50,50,3
95979,47961,11243,13787,22875,13923,5496,4932,40,38,3
9241,16298,4489,7022,2808,4895,2774,2518,44,35,3
6772,30575,5064,10501,3587,6677,2305,1096,50,44,3
55063,5490,711,1763,2249,4142,1064,567,50,40,3
61642,18350,12294,5295,1545,1542,2247,944,64,35,3
3751,3101,2285,514,1584,1593,1019,626,48,47,3
12660,2626,13146,46633,14936,13181,3443,4960,53,44,3
9073,8198,7050,12324,13141,9254,1027,2531,56,60,3
25525,9069,10114,27399,26043,11786,5838,2175,51,74,3
12798,31022,3180,13928,3827,6196,8917,3295,70,74,3
112186,20231,11971,9925,20137,20334,9710,6669,63,74,3
17095,27275,25642,15833,3591,18681,5537,3965,74,54,3
10648,14432,2943,2644,7821,7405,10912,3103,70,57,3
3866,2281,5449,6196,7171,4048,1789,1178,77,41,3
43017,29204,3054,2569,1087,2547,1201,1719,84,48,3
1501,3527,4565,7188,1610,1895,434,1059,63,38,3
10890,17921,6657,5030,8426,10552,6373,3083,53,47,3
8068,7893,4118,8619,7551,4189,7587,3040,51,51,3
28080,9876,3677,4899,7413,4660,2159,1697,48,50,3
127040,37168,7537,12378,13529,5442,16535,7732,63,61,3
18305,10434,2935,8958,5793,9119,2124,10671,60,43,3
7019,11177,1393,12870,9370,10508,4714,6468,61,48,3
10329,23546,6435,10828,3822,9637,4706,5371,69,43,3
21814,25275,1587,8190,5292,5985,2731,674,69,44,3
34604,30269,5073,2526,6985,1638,4808,6708,77,41,3
71329,21611,14892,9286,2581,3136,3810,2158,48,34,3
668299,1378136,131584,105216,195063,155066,57487,48879,26,40,3
2913562,1480169,18670,38621,58595,71555,73934,102592,16,26,3
744571,94688,12865,33532,11949,6465,21714,10823,1,11,3
34164,41464,18812,7806,4835,11210,11106,10468,1,23,3
64773,24567,2583,3100,1412,609,1146,1114,11,20,3
90157,48724,7739,13104,1499,3133,872,407,1,29,3
70291,4176,1697,4527,1565,2167,1089,1522,1,51,3
7764,13685,3277,15636,18089,17030,5650,7366,20,56,3
12241,11772,5051,27570,7450,6182,3695,1673,35,56,3
1674,13892,14717,5180,9501,6909,4872,3760,56,74,3
4941,13392,17243,18942,4843,11395,3372,7138,74,78,3
572222,710481,109632,65909,74093,34302,46731,26014,75,81,3
200412,15700,8515,18463,3794,4646,6152,5799,47,75,3
245029,58181,10429,15387,9989,18753,10515,3676,43,75,3
171464,28283,4709,5820,1586,4740,1463,832,44,67,3
681,2353,4902,7061,1770,2255,963,1139,38,54,3
11488,25724,48099,7351,3599,9985,3910,5250,53,75,3
254541,91033,7374,30578,7455,13369,2829,2295,53,77,3
60876,30679,6027,13359,3031,5220,1120,2042,44,78,3
78618,46811,17118,6652,20971,21850,17128,15838,43,83,3
207680,72682,13918,37870,13573,55838,43898,23000,50,64,3
669346,152751,29270,21371,8103,15547,22808,6562,63,51,3
357330,87882,99815,35383,18284,24596,19535,15507,61,51,3
645203,74741,9671,11141,19496,28051,27390,8057,61,57,3
959451,78878,25470,24312,5681,15916,12362,6975,61,53,3
5358,3845,1851,752,5384,7631,3658,1649,48,56,3
10291,43679,4427,6413,19529,18393,13971,3607,75,50,3
16997,19948,6438,6359,13240,29289,11484,14787,84,30,3
21763,3290,7164,4145,18557,12619,13765,17979,94,30,3
92214,7896,1834,3594,7274,5975,3532,3680,100,27,3
185959,42738,16968,5413,4216,8725,7598,8073,100,34,3
2885,4858,1708,4434,4559,8765,2386,2030,94,43,3
17222,12463,309,13051,11361,29048,23813,14580,94,48,3
54867,9971,2058,7841,7079,29942,17898,38829,97,47,3
23232,20156,4020,1364,2597,49288,30759,16715,100,44,3
13452,14994,11555,5925,6679,30798,8853,5248,100,29,3
12991,13074,9075,5087,13834,21191,5489,5928,100,29,3
5624,20329,25188,3659,9057,31713,6013,11689,100,30,3
1452,13360,1787,11136,19322,22288,19134,9444,100,38,3
23474,10381,25769,8572,26578,13706,7946,9582,100,50,3
5747,9501,1589,503,1494,1901,1904,1088,90,56,3
7914,12734,10256,3995,31025,14422,5308,6332,77,51,3
5308,9551,3947,12116,17304,18291,12580,13684,75,43,3
8985,9060,3990,19922,6877,19080,3811,5027,74,48,3
2084,21493,8436,4908,7700,21038,3767,9604,78,47,3
4060,31310,5048,13417,20490,8815,12943,9434,90,51,3
110136,53693,26960,17817,9320,8240,15076,5132,80,54,3
168544,93934,12229,3611,5531,5032,4382,1309,61,60,3
1300553,102984,25290,28308,14222,15754,26386,24119,38,47,3
123208,13161,3898,3382,3841,1106,1104,489,21,50,3
74558,45086,14880,9838,11139,17295,11486,13139,11,51,3
142647,118969,7344,2981,2911,5472,4738,3327,20,47,3
318521,16047,2448,3956,2818,8121,2235,1606,20,40,3
37950,19977,10235,7099,2538,6210,2262,3472,30,35,3
88240,7418,689,3630,6742,4637,2282,3357,41,38,3
3749,7417,2357,1770,1035,4120,2110,1552,47,35,3
1741,8546,2634,6618,11340,31057,7583,8074,66,48,3
6974,10919,732,911,1161,4608,1947,1027,81,47,3
118364,31255,4696,1800,5415,4731,3907,2550,90,29,3
1411,6695,2931,559,1524,5113,1812,2903,78,24,3
5813,10354,8239,4721,16622,17436,22884,3790,81,21,3
33420,19407,1242,23944,13082,13778,6102,2599,74,26,3
13241,12699,1353,2214,8606,17932,5081,7771,70,43,3
32969,20109,13929,3978,6273,14412,3770,2105,91,38,3
4255,24817,2698,3541,4834,14275,8768,8425,88,43,3
15246,33782,3816,16551,9475,7031,6077,6496,83,37,3
605992,19440,5055,4352,21814,9734,5086,8256,75,34,3
15884,14871,6083,13877,6381,16827,12118,5207,63,41,3
356178,19492,1085,1206,4097,3544,1080,2548,64,41,3
30660,19042,2925,3445,1711,3010,1324,1455,56,37,3
317645,17093,861,307,3253,2716,3232,1435,56,34,3
1509082,59227,6044,4369,12098,8464,19682,4699,48,21,3
2414391,336744,18987,11308,11851,25822,61032,36845,37,10,3
44819,16193,60233,1798,12528,17932,15785,34557,27,10,3
42641,30484,981,9922,11685,48865,24647,27168,34,24,3
4899,16857,2976,8400,13606,24321,13311,8905,51,30,3
128521,35333,13028,3662,11975,30352,12203,13542,69,35,3
1848,47591,6851,3102,24387,27701,10537,6928,90,44,3
27236,13218,6528,5872,17828,27895,9267,12800,96,20,3
41850,11164,1161,13790,5113,2545,8128,1419,96,26,3
788230,130020,62282,16096,4896,38869,8508,7233,77,38,3
1252,25267,4422,2869,30332,26258,11980,10352,66,44,3
33597,10528,4013,3316,3062,4096,2631,2224,70,44,3
76306,42433,29269,15900,6996,11777,13875,3252,56,51,3
209147,211986,5928,5812,8460,8443,9639,3218,60,51,3
3860,16085,6737,16361,13347,3751,4787,3472,47,30,3
2831,17579,5963,6788,3986,9804,9500,3046,26,48,3
5630,9300,21115,16633,10940,12305,6918,8862,29,48,3
8422,16931,5495,5636,3262,18096,9735,3645,35,51,3
4020,7195,16320,12667,15307,6851,4450,4462,61,66,3
6602,11400,3222,20735,8192,14920,10669,3785,67,70,3
723003,99092,103536,47729,59984,16009,3847,4620,69,77,3
3973,3886,3974,4585,5566,1919,1640,691,56,74,3
8216,72910,1886,28775,1586,8408,3047,3617,43,83,3
5107,22191,13021,15452,11164,18199,13634,8457,37,74,3
1223729,146552,18730,26699,64564,40819,20392,34114,35,70,3
300135,70797,13744,39351,8852,13802,3393,3696,44,56,3
2118769,225914,97557,112647,18422,40063,36889,13481,41,53,3
19129,1385,723,1622,1265,5545,1584,2128,41,60,3
343837,374482,9733,27098,20140,18042,46008,19162,54,53,3
25477,14881,16302,2100,7010,14413,9310,15360,40,47,3
5891,14171,8269,7912,1579,24920,4552,4908,53,47,3
11768,15066,11183,3480,3880,15731,4059,4671,75,41,3
18423,18802,2508,5754,1060,2437,915,928,64,44,3
168298,21154,2477,1068,3068,853,678,804,70,60,3
9348,12772,854,7050,12263,17133,6322,5493,48,47,3
6516,8713,3778,10307,2789,8692,7755,4550,48,40,3
15658,22573,6453,6444,5158,14258,8630,7273,44,44,3
1377,14970,3478,13514,943,19488,5822,16102,57,41,3
4608,6753,9610,9486,3624,13696,7514,4681,84,54,3
31878,24729,6212,12461,11332,27952,7640,5346,81,67,3
4318,6160,2969,14787,10769,16695,5930,9174,87,60,3
83863,63608,9845,3781,387,4381,1781,934,93,64,3
28177,68744,12508,3855,7494,17569,2906,5085,70,56,3
150208,99804,8862,12893,6302,2834,1303,2494,61,41,3
15194,14339,6091,11880,6414,9710,4252,3470,30,37,3
433488,18594,11836,12923,4992,6426,9417,5436,23,38,3
2237184,484794,302878,56194,28036,91373,31412,20264,30,53,3
703458,44398,8484,2184,1857,7421,4722,3231,26,63,3
98880,22827,2089,5077,721,3403,2419,1495,41,63,3
373077,21562,9236,32838,27905,12177,5759,5493,34,54,3
8562,5641,1443,2021,3131,3587,1475,1925,35,51,3
292599,28967,4986,16690,3775,5591,4841,3973,47,43,3
27673,32323,5472,2489,5441,18563,7040,12636,44,53,3
45906,21076,10188,10398,8132,6546,5871,2466,57,48,3
16762,33654,5109,8474,3875,5333,1641,1068,56,47,3
132117,32316,64069,76184,11889,16301,10676,11999,44,48,3
160735,76401,12744,19694,10988,7004,11494,6709,43,61,3
7341,7177,12170,10713,5445,17854,8000,5834,24,69,3
14159,12471,18119,5629,6948,16060,6604,6622,38,74,3
37097,11623,1478,4239,1282,2841,1545,1537,50,80,3
42256,44331,18369,6496,1716,2741,1628,820,54,61,3
3413,7632,261,11289,2599,2799,1340,1142,50,64,3
12596,6479,2201,1559,4365,2416,1990,755,37,66,3
325013,131032,10357,11116,4983,17811,3389,8942,30,60,3
12126,9209,575,11265,4329,8295,8249,3092,27,51,3
3338,6802,8875,7188,11016,10375,9848,6598,50,51,3
9089,10969,3666,5164,5620,9707,4089,7155,61,47,3
20162,4474,1349,15954,5960,8087,6738,3102,67,48,3
74121,26210,646,877,4190,3308,1025,1769,80,66,3
8154,9398,6264,5947,10803,6504,10508,3330,66,41,3
6449,5696,8482,4115,11752,12875,5186,3579,63,38,3
6073,6239,1309,4554,4325,19696,2628,6244,66,40,3
9812,25052,10585,12520,22230,44470,5431,6903,80,24,3
135890,17315,355,1063,2059,948,472,228,97,43,3
7022,13448,1200,6333,6740,9182,2784,5042,81,26,3
8686,11908,3209,6652,3057,10282,6775,4359,78,21,3
3482,7258,10465,2847,4336,16032,18690,9723,66,27,3
7598,5734,11887,3906,8890,7000,7052,6135,64,35,3
663128,128708,23049,34298,10034,6203,7152,6327,81,56,3
831742,25256,33013,24918,3963,7361,6083,2158,57,61,3
172857,30820,9321,35735,44089,13571,5048,3919,43,75,3
160555,8198,1096,3071,1484,2219,399,785,29,75,3
227598,12540,2271,2229,1801,4211,814,654,23,67,3
2136,546,1880,2872,5686,1478,854,618,41,63,3
39122,11766,25760,2790,17307,9341,6543,3998,53,53,3
11434,13423,7219,17989,12466,12679,3207,1945,54,56,3
46782,10462,5262,761,795,432,226,224,61,61,3
9015,497,509,954,656,1834,994,558,40,67,3
23119,23300,1058,12356,8800,6520,2940,3240,50,66,3
23578,17649,649,13338,5175,11060,3987,3370,48,60,3
241851,115427,63066,18321,14167,6076,3874,3338,48,54,3
13597,29197,8846,9524,4322,9267,4541,2510,50,56,3
21631,24999,9422,6023,15753,7409,3481,2514,35,54,3
28554,34605,3485,4173,8862,6031,5529,2908,37,54,3
6812,10514,1261,13727,7698,2898,3458,2840,27,47,3
1090,4402,24175,2510,19042,6724,2291,2023,41,48,3
12508,42732,3112,6352,4970,7653,5329,2513,41,56,3
4503,26560,7269,9333,7436,5950,3887,1843,38,50,3
21776,19048,2007,9045,6157,7098,5408,5883,38,60,3
70215,11956,7280,4758,2697,2418,588,616,44,53,3
227890,28521,8383,8785,2611,2567,1155,633,38,50,3
2157,15066,960,7420,3552,7110,4617,3800,29,57,3
7205,15362,8696,13088,6838,9500,2057,1510,37,56,3
15559,20630,2811,3400,8885,6216,5888,1629,38,63,3
18359,4401,4036,2055,2659,6784,1020,905,44,51,3
11878,49835,15298,9320,7617,16414,4951,5853,66,50,3
8885,14361,17506,3580,19646,7001,3986,2344,64,48,3
30430,11783,4569,1718,1287,4438,5089,1286,63,47,3
9581,9613,8589,2444,13795,4701,2808,3783,63,53,3
4923,11289,2185,5148,6376,6217,6996,2874,53,51,3
7591,8532,7796,2344,4372,11053,5353,2064,56,51,3
2571,4013,5174,4001,3093,8915,4150,3427,66,51,3
1682,6614,2630,4888,3580,3658,1132,2429,77,54,3
5880,15439,9426,15589,7965,4737,8794,4486,78,57,3
9600,1790,3523,4688,4100,2090,3322,1127,69,67,3
34268,13510,2603,217,775,512,555,192,61,78,3
221124,79086,4950,1375,6699,1982,884,992,34,67,3
70643,31990,16307,6136,4765,11200,2823,4370,10,48,3
61430,9628,4687,1850,560,1602,1139,381,14,41,3
256068,66618,52910,16200,7357,5047,13473,8998,7,35,3
1742670,725238,617554,314308,491648,81732,28013,28901,7,50,3
55367,22483,3148,12647,13544,40171,38604,13432,13,74,3
12080,15493,11831,5190,2119,29066,16696,8794,27,64,3
52431,28281,12338,9122,15591,31768,13171,3578,50,61,3
188267,66668,7093,24355,8695,10927,23245,5870,77,50,3
101436,41281,536,2759,5762,5202,5393,3495,84,43,3
1288449,143013,21553,18261,15144,9721,20435,8933,64,30,3
217838,9421,1189,3995,2340,903,1036,932,38,26,3
1049229,20387,2721,2248,6414,6953,2987,3067,17,30,3
1113917,295520,4971,22446,41716,40997,12868,23099,24,21,3
297394,271337,45825,36696,13893,44369,12716,19352,26,23,3
83399,10634,1511,7059,3899,11299,4228,2910,35,23,3
11152,15433,5162,5795,15220,25592,14487,9689,54,21,3
4899,28429,11962,5369,12269,20199,11216,17436,66,24,3
8115,22542,9332,8329,9109,31547,19218,9991,78,38,3
4459,20710,15694,625,8411,58443,3740,7282,94,40,3
13631,19394,7725,15319,9090,20516,11065,37714,100,34,3
11432,18766,2186,8228,3723,14071,41101,11245,97,43,3
41696,4175,186,525,1252,1726,761,753,97,43,3
7953,2411,1751,854,2029,6280,4085,3032,90,34,3
4932,18948,1615,2851,9377,25873,12134,11913,88,37,3
19945,8890,10548,4234,3429,34978,10745,19009,96,17,3
17354,4977,4632,9390,13056,32127,12655,11510,100,20,3
134778,212667,76770,33510,36703,78705,19398,16930,100,27,3
6578,10330,4295,4214,2232,9867,2433,4182,100,30,3
78297,80386,23351,3760,7584,3910,5240,3234,100,47,3
66468,12672,4910,3345,3427,8874,4817,3107,64,47,3
10371,15214,8778,4894,2953,10268,7540,3408,51,50,3
102440,48195,25896,10633,30689,37540,22564,11293,54,54,3
4637,23574,8576,9024,34406,35054,20543,15898,54,51,3
69810,13212,4127,830,1314,8913,3191,4840,83,48,3
21331,13285,1385,4892,8117,28392,8874,18960,84,41,3
28236,14969,7172,2311,9801,9587,9977,3182,97,27,3
64659,30772,8039,10362,6132,41759,28651,9436,96,27,3
678474,89590,28299,9614,14051,20563,11929,12100,96,29,3
625064,70231,4228,974,3541,8085,29304,7971,87,34,3
585970,126913,11129,3404,4082,41639,128071,35456,61,26,3
1016898,100911,29137,13741,5720,51637,51319,36984,57,14,3
9601,22579,13136,6462,5315,52022,22950,13657,51,16,3
636402,22236,18433,19949,16003,18914,9128,18693,69,14,3
83427,11629,11721,3973,4175,13245,8375,5006,80,38,3
3742,5193,497,635,1335,7212,5874,3032,83,56,3
81673,64168,1731,2265,1985,15348,4720,9462,94,44,3
468439,88840,14431,6104,9783,46584,31228,13303,78,29,3
51262,17021,2505,2401,2494,10071,4210,9567,81,13,3
95675,11758,4419,5850,4206,9966,6952,3932,81,1,3
91214,14347,10647,1090,4131,4561,7749,1453,74,17,3
56109,41396,10411,12684,9655,9316,5563,1808,70,41,3
934690,400442,28816,23320,21505,23585,52385,61471,61,50,3
22930,28548,1980,18054,43970,71134,16741,24643,41,47,3
114229,62870,18262,8206,1707,16925,3795,2269,53,37,3
241169,43013,8735,4407,6166,9381,4311,14512,54,30,3
2840262,167374,42065,9731,11734,47500,33727,16507,56,24,3
416904,173937,18082,14699,29786,33368,47325,22388,67,30,3
3528,5783,214,1940,1287,3845,5444,5786,48,34,3
203034,37387,5450,4297,17427,7327,5922,2320,56,27,3
89553,9512,19583,22103,13263,37866,36325,5697,56,24,3
234249,20511,1920,10872,2188,17229,4191,2412,67,37,3
824418,280492,3857,11055,21945,16571,11437,12694,78,44,3
258976,1995,1971,4878,4518,9646,5772,4595,57,29,3
202630,21200,2052,3064,2091,2284,2556,693,75,40,3
92619,50428,10614,9199,8437,3678,2481,1563,54,26,3
2562817,169763,24015,51143,20808,13376,21990,4215,35,26,3
120995,12390,2337,2891,1744,3479,1964,2387,35,47,3
2240,4602,1792,945,3146,2913,4207,1692,17,43,3
18006,29274,11031,11517,30973,13807,29920,9775,30,44,3
49827,25937,600,11941,3623,18843,15205,5849,47,44,3
51204,10233,7831,17580,8391,17399,19650,7491,66,41,3
86071,39587,11423,4767,8249,20280,12256,12004,77,50,3
34526,68155,2612,16444,10933,28496,10286,7658,75,50,3
57879,69428,4309,7052,18519,30983,8524,9585,77,44,3
2218,2787,2849,2107,1456,4688,1524,1285,75,35,3
135389,47820,4787,10112,4602,9886,7202,8933,77,30,3
24013,21492,4635,1478,3782,5587,3966,1124,67,30,3
361082,91585,12079,15639,20473,15784,9763,6357,64,30,3
5773,17305,3014,21339,9129,24895,8596,4644,53,40,3
5181,11797,5266,6856,9484,17841,7248,7316,53,38,3
58956,41595,712,11875,13442,15399,11431,10006,67,40,3
10249,10314,2550,9878,7120,11712,13002,16180,74,40,3
5242,3567,6855,5713,13974,23375,12234,11595,84,48,3
9664,34618,1352,6648,9492,28793,11792,6500,93,44,3
11162,8683,9522,4651,19514,22418,5911,5336,91,35,3
38855,11815,3459,5721,5542,12261,8920,8440,100,40,3
40482,45555,33553,5533,16901,24015,8533,13461,100,35,3
16577,14036,4944,10832,21823,21288,5603,11272,88,38,3
6666,18457,24497,18302,7963,45852,5589,11310,88,48,3
14815,12316,20631,6606,6634,51157,37463,5841,87,56,3
340440,6309,8771,5764,6614,31885,14902,26013,93,57,3
14330,7481,11771,8757,4222,54620,83828,40627,100,56,3
24743,12266,3413,3535,3471,18020,9273,2876,100,56,3
29742,7069,2931,1791,3406,16819,5067,6056,100,44,3
9061,17805,2321,12788,6111,57498,26729,15202,100,37,3
363166,57478,5715,10512,14422,68380,22509,11762,100,30,3
21039,33018,36118,10702,9446,36000,18236,27008,100,21,3
14623,31872,393,1085,8024,54324,22033,14788,100,34,3
569764,45167,9586,29919,14623,33219,37897,33745,100,17,3
59887,17308,6551,6158,28793,85281,75531,19482,97,29,3
176393,152158,21672,15225,2048,38380,14605,15733,100,34,3
47539,25397,7963,6152,13882,41097,35551,11962,94,27,3
124080,2770,7425,438,2013,8124,4392,5568,90,48,3
390501,12808,1725,8023,1111,21218,4518,7871,93,51,3
39420,32022,8000,5417,5088,31776,19477,7296,83,61,3
3469,2899,6895,19861,16970,33339,71457,10898,94,61,3
264844,124560,33553,6830,8841,64166,18399,26477,94,69,3
153167,86719,366,4506,2776,5909,6163,4637,88,60,3
92056,17454,1494,450,537,2033,1989,1275,64,47,3
11573,13147,7149,12773,10025,49749,9787,9585,48,41,3
3717,13678,12722,6039,12567,29934,38227,12041,50,35,3
580198,177567,99707,18770,12363,65641,26448,12951,57,40,3
13138,13040,10382,8016,22278,28358,32793,19108,69,57,3
108141,26298,8051,19935,12954,24325,24703,14058,87,66,3
506392,100794,2837,10262,3220,22809,22360,13391,77,69,3
676586,88014,24066,7053,16344,13663,4506,3990,64,60,3
4381,13634,3874,7274,8240,28950,32669,21260,57,54,3
20256,42138,7300,5397,20206,32008,52874,26448,61,53,3
64868,47737,25720,8712,16110,15903,7099,10667,63,43,3
2575,14116,591,1329,15491,3399,2432,2268,63,56,3
17651,7925,3407,1244,6366,4724,4983,2510,67,43,3
72825,25022,7689,4309,2665,16336,3471,3932,57,44,3
69587,19110,1824,6538,2711,12919,2977,3717,56,50,3
11535,18756,1662,13386,12317,44164,37198,19071,63,44,3
559233,87004,21910,24547,16807,37574,19746,12100,78,56,3
289472,36021,2041,14872,1733,17281,10197,7339,75,57,3
11260,9522,9374,2676,15159,22701,22502,10788,74,60,3
60959,7793,2864,21186,5753,50343,12201,13407,81,60,3
1664,2777,1250,1765,2713,9904,2846,6000,83,64,3
2712,7900,2476,9363,3534,36408,6899,12011,100,60,3
2808,3056,947,2755,1742,8191,4966,4610,100,57,3
101918,8903,1269,3496,3981,13177,3001,5251,100,57,3
4789,15436,5473,16674,12059,42743,21235,12478,100,53,3
49040,43273,337,1604,1181,4798,4311,3403,100,57,3
224681,38742,71561,9660,27763,18818,14291,11862,81,43,3
99395,11535,1435,1051,902,2756,1448,1127,63,51,3
527048,49411,6109,14918,6638,41449,14366,23705,50,50,3
2228,3431,2782,5244,10479,9046,6345,8290,44,48,3
13456,13002,1573,21361,16793,47872,31453,12989,63,66,3
106782,15804,10368,4120,4147,10876,3732,4157,80,56,3
23562,12391,17489,18315,13776,22103,13335,9602,84,66,3
37888,25865,1665,1588,5276,6889,5415,1881,83,77,3
31186,7050,712,4633,4337,7522,5155,6249,74,63,3
78915,33623,13664,23052,12122,11645,6071,4813,66,63,3
2405388,81750,56109,14338,25021,48275,10745,21711,60,64,3
34436,25859,9852,37126,29410,51768,11866,14650,56,60,3
76669,9265,22,956,600,1859,1827,1521,64,75,3
8392,10077,2789,1589,3160,11228,3698,3727,54,64,3
88252,213459,126750,47410,15427,35570,34962,8643,67,56,3
17928,4513,2798,3843,5569,7125,3728,2782,57,57,3
204634,335987,154134,110019,194071,122747,188664,66647,57,56,3
344705,140546,38219,45610,12178,13616,24063,18509,57,69,3
1456440,349623,52960,57301,20612,54708,71539,89684,38,78,3
1695233,433203,127206,211008,115261,129818,130146,88039,38,78,3
290069,202308,46665,36148,18250,7713,17841,23079,38,78,3
749737,31591,9721,5261,3387,1626,651,717,38,78,3
1597919,296751,103895,52660,36285,30119,10256,6786,38,78,3
146027,22434,7696,12950,3856,1759,1622,1170,35,75,3
21576,17785,6947,4774,3374,2740,1204,984,11,81,3
1536644,103422,45748,98565,20974,18558,6785,13576,4,81,3
192717,57739,8881,4009,4304,2647,2447,1518,4,88,3
749188,224412,25611,13108,10945,16101,11349,6452,1,81,3
71205,35829,17171,10371,2601,2905,4456,1321,3,67,3
28269,20186,9686,2856,5929,10599,5466,2582,1,69,3
805939,84011,41297,23705,16454,8074,28733,33370,10,61,3
1053465,97353,61541,12059,15329,22327,18345,24310,10,61,3
876622,53854,45489,72983,27117,67510,41721,54672,10,61,3
57318,2726,3423,1910,3102,2865,852,2103,30,74,3
30693,65014,13788,22240,2640,10284,4188,4051,47,84,3
308632,126654,2515,8042,8432,4028,3324,3288,53,81,3
1748706,40491,10867,3954,8976,3147,2737,1410,34,67,3
780066,493700,233117,131956,16401,39732,22997,55733,14,61,3
535905,424951,154351,56738,67354,124949,74376,15724,1,61,3
643263,112882,6748,8004,12020,7927,12336,16920,4,57,3
303441,51501,19188,16009,17655,28827,9818,16463,11,61,3
455512,86825,10369,7713,39615,33221,25293,13603,26,63,3
27407,19101,3567,8468,14845,42428,22643,11329,43,48,3
4306,27802,3382,18902,11933,33831,28523,14482,60,41,3
6517,28498,24827,18032,20662,26489,18163,45139,80,51,3
93116,16353,4091,3331,5720,19347,6480,5889,80,53,3
56645,15633,5369,7845,7669,29890,74712,23822,88,57,3
23752,26239,5852,4446,23472,33543,24890,18359,84,61,3
36784,20152,5372,5470,10206,72635,17177,22380,88,54,3
11640,29640,2993,3635,21282,78176,57391,29752,100,41,3
334698,137213,7866,9548,23466,56422,30709,24182,100,29,3
15736,23931,15722,17749,15397,22990,22896,10372,100,21,3
398859,29622,7486,36785,8269,28200,42038,7059,94,34,3
105015,52143,1818,2829,3884,16144,12092,5528,80,48,3
1330648,133768,4252,7540,17976,90376,17756,15695,61,50,3
141036,12905,1606,1985,1354,11643,15541,4596,67,47,3
166465,30730,13268,8273,8466,10211,7335,9964,70,35,3
1203,2962,1550,1513,4178,7236,4318,6130,66,34,3
129216,16373,8646,7103,3422,29522,4669,2134,80,41,3
62716,32106,3774,1625,3222,15060,6668,2210,83,56,3
29757,14012,7636,6459,2552,43428,3368,5187,78,54,3
84223,20100,7328,2946,5977,6554,8515,3596,96,50,3
269955,16087,2529,7982,8513,10896,4885,3933,80,53,3
170711,92828,5181,3775,3424,3820,3794,1396,74,53,3
464901,28289,1221,6734,9442,7579,4273,8529,53,51,3
450153,17839,3391,546,390,1575,1666,483,37,50,3
16911,18428,8043,7702,1087,1770,1488,988,27,44,3
34777,8596,3998,1085,1312,610,381,266,8,53,3
556193,61864,8518,2679,3423,17197,12351,12499,10,66,3
238559,55729,5399,19054,18989,12769,9870,5351,11,64,3
630756,138807,8683,26237,22784,34029,34961,21764,17,66,3
23977,23092,6099,1105,6189,9897,3727,3619,30,54,3
114423,18523,6715,1021,1408,6053,5502,3031,48,48,3
2970,3618,4799,992,1845,24367,2675,5159,48,56,3
15320,2959,2179,4515,42652,35358,20002,9205,70,53,3
48762,21614,4306,12551,52501,27050,42606,6420,93,47,3
83370,72056,51205,120008,34213,49963,12092,14160,97,47,3
1108319,183668,26421,42252,17478,27040,11724,14913,94,56,3
49486,19268,2218,2330,2130,12777,1846,4365,67,60,3
8496,14377,13399,20612,6975,38392,9581,24017,51,63,3
58494,98896,14893,6974,1955,16505,5749,2853,53,74,3
33863,38805,3682,12883,3429,9104,4522,3713,50,57,3
43448,65898,2092,7529,15581,37001,15288,20660,54,57,3
1449492,111996,55059,88627,49640,34076,11942,12294,53,54,3
219794,134257,8014,25536,12506,60153,8401,10726,38,56,3
13927,8533,9656,1704,3157,11463,4226,2463,47,56,3
115600,31480,6834,7316,4862,9087,8451,4111,56,60,3
3431,6563,1222,4053,2257,13337,4810,2120,48,69,3
22646,5756,2061,3685,8902,17103,8006,11195,66,61,3
440523,189189,11510,14490,10923,8265,4943,2458,78,61,3
91236,32390,38355,4919,15182,25682,8411,12882,56,50,3
27707,12820,6249,12193,11428,14104,60671,9997,60,56,3
419630,17417,3419,7198,11089,22271,30517,12907,51,61,3
121361,103841,4310,27867,16810,43514,15713,12026,47,63,3
27628,50853,1176,5428,8004,7994,5545,3986,63,66,3
671456,404581,21218,12179,24396,53649,29388,30688,54,50,3
441304,204503,13671,7970,13962,5469,23385,6434,47,35,3
1212100,22885,37626,5143,11039,4119,7985,5664,17,27,3
68261,36292,18205,3966,7056,11031,3876,3222,4,43,3
29107,6209,2656,4651,4085,14336,4002,4227,8,54,3
593380,88908,12531,13633,13069,24388,36876,25290,24,66,3
776074,592186,1555,26384,19586,27058,44065,34239,41,70,3
66849,28929,14569,3703,4740,13645,5213,6882,38,44,3
149262,5567,2007,1286,753,3017,1132,473,43,44,3
8191,12113,13313,5380,4768,64123,26937,19912,34,47,3
14787,20792,14203,13936,4186,41880,17743,27273,51,48,3
124993,74004,2795,3991,4676,13438,5439,4071,77,66,3
38905,21148,16120,8001,7143,17173,17261,5133,70,53,3
502536,80407,90235,31713,10959,46244,11506,21880,74,56,3
79466,91729,74040,56983,36811,25225,27339,22275,56,66,3
18423,17543,5136,18731,15191,44756,11055,23843,40,74,3
20822,51710,19405,45226,11889,34433,16561,17868,53,84,3
9657,20147,2009,14446,14094,39270,25214,9647,51,87,3
27859,52812,14416,14330,29593,13611,14279,15717,63,77,3
115475,113564,21028,6822,33021,29937,15823,5970,66,69,3
407377,79045,21871,11126,15463,47212,26569,17423,54,64,3
16603,12762,599,2834,1745,1288,1822,997,57,56,3
2214817,172149,71356,30530,9285,64597,35803,20776,37,54,3
17518,8846,19556,8364,9791,23088,14189,14627,38,54,3
417350,65682,8579,26850,19985,31611,16035,9290,48,66,3
85877,27829,6722,5272,3848,8943,4703,3906,44,67,3
782597,263683,18501,22126,39654,26514,14526,9078,53,70,3
90573,137264,4781,7565,38777,24776,30265,26620,44,61,3
110671,21643,8709,3611,7421,9071,8001,3977,35,41,3
335305,24270,9776,2206,3741,1377,1461,2141,34,43,3
901856,243185,325261,24998,24185,25515,29876,12696,17,44,3
73301,53784,17143,5891,13196,3382,3587,3858,13,64,3
975201,380763,96835,119922,227712,66654,51424,79472,1,78,3
2203166,312875,54423,57171,90781,111927,122846,85794,1,78,3
590892,170516,42020,67252,47790,89506,83525,46820,1,78,3
920555,466799,325825,126827,144605,122177,71585,160233,1,78,3
702972,68983,214212,80166,96184,109169,68290,99431,1,78,3
279830,607345,51352,43913,120646,56225,48091,70299,1,78,3
261017,172355,109104,144393,83255,102887,49885,127988,1,78,3
247380,159049,56787,174242,245065,94375,56325,85277,1,78,3
1875093,1669875,68911,150934,332049,159693,64406,137565,1,78,3
261221,47110,52328,6463,6038,13778,9800,21387,1,78,3
581140,265707,86165,9953,11843,48534,49483,29838,1,78,3
749622,777647,811971,639038,428623,411703,144365,53411,1,78,3
673677,14345,12617,5116,3468,4454,5362,8566,1,78,3
744183,935694,325553,101763,126676,92977,64736,63302,1,78,3
590692,84277,16064,21793,57593,15269,16266,20226,1,78,3
2279527,613582,348546,46974,110393,150510,77312,35793,1,77,3
704165,144603,112544,36955,36413,29260,10481,59231,1,77,3
419634,989611,370580,374383,56508,107505,68016,86303,4,81,3
975725,417402,405461,215645,47736,65026,49244,29720,8,77,3
43744,70454,19072,5163,3861,3654,11712,1435,11,87,3
547781,183375,61140,22865,26968,10010,16293,15588,1,88,3
1830751,214934,64487,47088,16160,23157,20297,22005,1,81,3
616020,304795,41316,37852,16768,30945,12455,7650,1,78,3
704691,32796,17157,8300,26537,10136,13305,6846,1,64,3
35897,48647,9274,4878,1867,8349,3440,2809,8,66,3
133601,110535,11944,20663,14584,31152,13091,16193,20,63,3
334165,52194,5836,12329,3360,33057,8622,10545,27,56,3
151596,75975,7032,28078,23042,10803,14723,6534,41,56,3
1534471,122493,71825,13910,15404,15694,8521,5814,38,54,3
819860,1103658,238114,471598,678730,471903,180154,453661,34,63,3
637396,163062,33617,10599,55292,77818,33026,21292,34,63,3
172221,121438,41843,27409,19746,23212,14867,26904,34,63,3
232147,66619,120513,106963,8320,87612,67879,29539,34,63,3
1334458,241896,79769,142668,75702,180615,643825,179082,34,63,3
323170,127431,7911,44144,18058,40224,71398,31549,34,63,3
1178766,352805,251392,117358,197732,200494,82015,66103,34,63,3
1400583,224067,57008,35596,115220,72407,25164,81831,34,63,3
136986,12084,8409,15063,10835,10792,4644,7899,34,63,3
1143231,165936,32056,39945,48641,34220,37556,35636,34,63,3
154562,158662,11986,5911,17159,9606,14841,16073,34,63,3
829016,982183,473369,481626,380813,230135,253299,274508,34,63,3
2059459,1651133,315966,86481,76643,61546,49161,58614,34,63,3
2008253,689340,99814,98757,100092,127662,131347,103819,17,63,3
1514457,53984,7392,18755,20059,6791,6961,2880,8,64,3
875384,135795,124352,57729,47361,13730,47341,16389,8,64,3
143621,91268,8546,35300,29155,22851,7370,13356,3,67,3
30243,12240,1516,5106,1623,2795,1496,1312,16,70,3
335407,147464,33363,9714,5684,11584,20416,9012,14,75,3
806101,57897,42475,78600,96234,47122,22001,15720,13,74,3
791257,58624,51077,43741,87615,20687,41392,31757,13,74,3
270189,1000794,326800,84400,78792,145783,410853,210613,13,74,3
1959887,573076,162869,107905,101833,161732,117942,74372,13,74,3
1365507,2150198,879810,856781,879311,817238,1218815,432683,13,74,3
104178,20941,5212,3513,5455,7757,12547,11818,13,74,3
632282,89915,35566,18667,33414,25957,18437,44800,13,74,3
410606,354191,230788,161272,94832,66389,100803,242874,13,74,3
527328,37005,9265,8950,18670,21978,22495,16120,13,74,3
883307,48239,30647,17877,40584,57436,19993,24349,13,74,3
560299,655984,139574,78635,26968,100167,114501,87720,13,74,3
2045163,1648847,514797,1520406,640399,360450,199929,68933,13,74,3
1913684,228361,65400,169160,48067,31294,53592,61905,13,74,3
1337561,207512,58126,214033,129841,146020,107210,69087,13,74,3
984487,152308,17277,45926,82824,78069,61812,42705,13,74,3
299053,36015,10442,4013,18447,13271,16916,3029,29,60,3
263817,65685,3874,3349,2289,10409,6884,3789,34,56,3
879037,30328,6352,4993,2412,14818,15017,5051,34,47,3
879004,68961,25632,20979,9947,29008,6120,7132,48,47,3
550103,865056,183155,62667,48589,119135,70110,33929,44,51,3
237885,175486,61430,24134,99711,56890,69235,28357,44,51,3
1238301,905916,313528,294955,187198,250923,196922,115864,44,51,3
1428521,212008,69073,583365,258883,311847,360869,168797,44,51,3
570381,232262,78130,101529,152529,83154,112331,93612,44,51,3
348065,1217011,211589,233879,47777,296128,115763,206112,44,51,3
1053413,487820,60875,175358,19004,75171,98319,50197,43,54,3
1363429,1065942,89505,189050,120103,111755,83824,63655,43,54,3
860691,266763,42692,12692,37920,42965,27899,24015,43,54,3
1079873,152127,65742,14059,22550,51878,66542,84426,43,54,3
252709,66699,56765,47289,6122,9085,15226,20116,43,54,3
1129089,506823,271817,160662,755302,433753,261674,123284,43,54,3
950755,980704,133832,179613,276936,189897,111288,239544,43,54,3
2445014,280317,151961,204234,140826,158070,160732,51213,43,61,3
1168512,706077,166057,196673,83598,227337,146514,188353,43,61,3
1602399,302097,41208,36646,39787,19700,33510,40874,38,64,3
822634,425301,81688,214133,79465,42757,53730,62365,38,64,3
998942,12349,63847,17488,18302,23127,13941,10653,38,64,3
123466,64354,17555,11607,8063,5063,4305,5259,38,64,3
753330,456758,107783,49341,58005,78838,65776,63124,24,63,3
1692142,185596,207071,78948,59757,54145,73250,25982,21,61,3
2239137,219729,146645,74295,133425,168176,36747,55388,20,75,3
997221,201680,85361,58374,31434,25008,24335,27833,24,77,3
1242339,794733,381949,206024,30224,146486,136025,71841,24,77,3
18888,136957,27814,33040,16613,27995,12873,23851,24,77,3
1155277,374766,118794,28803,95694,136005,47722,75204,24,77,3
213029,204943,29903,62891,116974,87617,20917,31127,24,77,3
900197,217578,77358,29632,31801,75943,61063,55845,24,77,3
362240,968937,26988,76520,74560,39302,77847,110686,24,77,3
873403,47594,35303,38032,39037,28198,39205,9882,21,63,3
104983,32093,38194,58486,50363,45421,56843,18905,21,63,3
398776,241262,219721,109921,92765,121887,96047,97590,21,63,3
1575596,108987,512101,614968,116443,239113,263278,71694,21,63,3
580833,250278,157142,70268,59134,65573,99546,52796,24,83,3
107995,421040,246577,272611,372508,175933,58031,119093,24,83,3
2432303,531336,340272,71284,177553,249836,169427,91032,24,83,3
237214,71563,13352,31124,11093,30538,26418,40407,30,77,3
112805,31394,15665,9230,17403,31495,7618,7225,30,77,3
298412,319506,10131,51707,48883,80548,169702,44343,37,74,3
789759,374134,64592,85446,76296,61301,29906,47757,37,74,3
459916,66473,7696,17168,42050,56216,22289,33237,37,74,3
128160,46971,45124,26760,14585,15836,8666,9117,37,74,3
528151,33035,14488,19732,12781,9955,8420,10270,37,74,3
673300,83380,69426,59105,22993,15673,11405,5629,47,90,3
732417,83364,23093,6595,9897,7482,6836,4581,40,83,3
514339,55825,25740,18036,15561,34043,25357,11845,27,81,3
660654,43163,119680,23100,11482,17521,11199,9898,24,83,3
91144,120834,23567,11857,27737,23839,12568,7361,21,91,3
65606,12395,2588,1411,2144,2195,621,496,26,78,3
252502,95003,12600,13420,9481,11193,12604,6860,30,77,3
297710,8640,8699,4836,12693,4599,2290,2593,20,69,3
1275519,233538,59130,93097,75836,75746,27212,6636,26,60,3
171163,51914,4199,9642,5989,6615,3585,2002,26,60,3
74760,7181,3813,3540,1498,2512,1384,748,23,60,3
24921,19215,968,3955,6874,2039,878,1644,24,67,3
107220,33776,2014,5193,10468,3610,4075,1812,24,67,3
830718,268831,71993,7169,61678,30029,19202,12828,17,57,3
25749,18169,8173,3056,8272,15157,6578,7905,17,57,3
707923,132492,85759,34086,40306,30054,23668,8741,26,50,3
1396847,113762,21673,13989,9999,4715,2352,1765,27,60,3
1686180,498519,157661,11764,7608,31329,35146,18492,27,60,3
52021,56672,42468,13513,13082,20095,14610,11613,23,64,3
7677,31316,3237,2010,22692,12454,2835,5745,27,74,3
28667,38814,9612,6608,39776,24933,13832,5821,26,63,3
29553,51817,6555,15176,8794,10225,31264,3396,38,53,3
151080,26617,18946,9912,4454,6711,5412,3158,47,53,3
1209865,50316,10264,20365,63980,18467,10713,10356,43,54,3
597483,91556,102193,69793,20834,10392,19313,5148,40,63,3
46292,25453,3705,11133,4233,6531,3529,2802,20,80,3
85831,15491,7306,3042,4421,3583,930,1984,21,83,3
105061,43682,20076,32867,12188,30286,17154,11983,21,80,3
1539808,256965,64644,22845,41285,42055,35597,58538,24,88,3
625723,98103,13490,8394,4729,5146,6890,5412,35,74,3
240680,59761,4975,5783,5295,2526,3532,5114,23,67,3
185419,84617,18740,35363,33049,27747,16474,7714,13,57,3
12052,3566,5852,3426,1523,2676,2202,3350,8,54,3
174946,14026,3829,2675,3600,5325,2815,2051,13,66,3
56584,5194,5810,6838,2498,4584,4939,3432,26,69,3
1645871,396411,70206,27072,20205,26174,37438,22255,43,87,3
625131,62390,6822,9668,11107,7060,6720,4080,30,81,3
28428,29075,14313,10976,14435,20023,17551,11566,24,67,3
32258,57184,7753,31993,14503,12608,9389,7189,26,69,3
30778,7433,6192,4729,2255,3070,3020,2736,21,63,3
20702,19434,31133,13512,27305,12678,13273,11591,30,75,3
700118,135365,5129,3522,12932,45507,23844,16581,38,84,3
1328089,309166,283433,409951,125101,182151,275463,450123,38,66,3
1209174,93559,27150,61325,74932,47554,83673,48559,38,66,3
376660,118714,7566,46598,51076,139673,123040,146874,38,66,3
423744,302935,292577,187748,207765,57713,51434,68033,38,66,3
571772,677537,294856,16992,32764,115762,96108,34698,38,66,3
582458,1141818,239592,93572,26673,189504,79548,76363,38,66,3
526844,346656,384461,100609,80837,138156,80577,90788,38,66,3
448775,55524,84273,99969,45876,89706,38726,17935,38,66,3
1687413,102240,77013,2276,37067,42105,99538,78345,38,66,3
744615,78140,4441,6854,6521,11135,7409,18013,38,66,3
609469,100395,98301,103726,50260,52859,31975,76331,38,66,3
70512,72384,8058,39892,28087,15583,38282,10402,38,66,3
2020934,674602,53845,53847,73883,30312,24419,20737,38,66,3
1439873,1085832,172699,83644,103808,43611,272021,84345,38,66,3
2245807,1273574,88193,103140,315625,268538,173748,87571,38,66,3
1511048,216674,167771,80833,13924,62071,49994,31076,40,54,3
864790,118494,6450,42990,65519,45411,44271,20343,38,54,3
720195,166110,161104,73435,21120,15989,11748,17310,41,44,3
1034354,268646,59185,7603,22077,29286,7377,8183,24,70,3
1238945,316676,150115,111451,25984,39761,39203,12006,20,78,3
663011,758717,83935,31381,33360,30200,24064,116287,14,77,3
57435,16243,2708,494,490,1531,3435,1385,1,74,3
664887,124006,23116,65657,46981,26169,24664,22426,3,57,3
136843,26631,1383,5899,12419,2757,5567,2347,4,63,3
919671,226796,174259,51835,51556,42632,26602,61603,7,51,3
2675473,133146,56535,43016,58320,25411,27612,6655,14,64,3
30978,24077,17477,15970,17101,27782,22524,14678,17,70,3
14714,35135,13519,3104,33080,32863,16028,4045,27,74,3
963760,392242,48503,32609,6836,38359,38199,17230,47,74,3
370856,595253,7232,25944,36343,8638,29011,19698,44,61,3
529539,126718,10486,15434,3100,9702,15753,9666,30,44,3
1316284,126052,35963,71516,23313,38547,25561,26215,17,37,3
1269226,161742,14150,16779,18440,16886,16749,13472,7,47,3
353751,148090,55139,29644,15930,15835,53991,30761,10,44,3
32813,27788,3322,3584,3730,6374,6306,5960,23,63,3
1832596,47406,6878,3776,4290,22070,14196,6501,29,63,3
1170546,205686,10229,13292,14311,183790,37411,22844,37,51,3
26808,38409,20624,2690,6277,11563,14748,5845,53,43,3
589897,138828,64266,31116,13034,16794,23824,11640,60,41,3
90328,65934,4775,7213,7005,4185,7326,3890,53,50,3
999958,180636,71996,41959,108066,48183,100060,58710,40,51,3
586941,222831,16709,22892,89864,95465,145622,37508,26,64,3
1045918,1524076,66464,36929,121754,207015,101185,34953,30,53,3
81064,7448,14095,7374,1812,5831,3169,3759,37,35,3
1353945,156955,131751,12562,15161,17017,14186,16684,44,53,3
55526,14326,4607,7056,14635,45228,16195,14693,37,60,3
291287,321484,14156,3339,21029,44845,44198,20359,50,63,3
78854,44519,1463,2583,5765,11541,6238,8398,50,63,3
29338,5281,5581,630,1981,12454,9913,4790,53,37,3
107184,60607,16007,15378,15424,26961,18767,11959,75,29,3
414090,13127,13094,16456,7822,26850,16304,17736,61,37,3
27665,50468,4663,25321,6916,18138,12457,8558,74,57,3
288558,39040,1496,2258,11334,6791,2537,1700,74,74,3
15056,12443,4179,3986,3683,2694,2701,3177,57,60,3
23786,26722,721,21631,26675,30244,28479,5960,51,61,3
32562,69315,18060,11761,40781,27784,15030,6625,51,54,3
2864,17756,1146,12353,7368,15494,6291,8686,53,50,3
2480,36075,4864,18273,12184,14587,14924,22332,61,63,3
8806,36985,10318,3511,3161,12513,12603,4910,66,61,3
69320,24880,29106,20471,8827,16202,7506,6554,60,61,3
445572,19346,16098,33310,20380,38841,18884,8857,57,75,3
6668,13914,8770,5438,4598,2469,4609,1751,57,80,3
61415,104697,16305,3961,3144,4961,2566,1014,50,84,3
108611,64650,7697,10531,3860,7591,3698,3348,35,81,3
110380,126947,14958,13553,9637,11664,6007,6044,27,69,3
978934,99081,55737,12676,26047,19042,16423,11274,13,57,3
539295,54762,12589,5903,35083,13011,10698,15158,14,56,3
678686,52586,8370,7424,1198,6039,3080,3747,26,56,3
869339,211723,52198,28135,9783,27236,15427,8259,26,57,3
1697705,478074,169583,32778,73292,65559,112173,72529,27,63,3
119539,25881,16886,6422,2330,7296,6140,5690,27,60,3
2425735,488250,58446,113514,32339,36461,25396,89139,26,69,3
118275,27417,7095,1406,6518,2900,2203,4018,23,69,3
8470,6405,11579,7696,19950,23376,11405,13331,23,67,3
55236,55929,13157,6299,5262,4337,2528,3073,40,69,3
1632,5648,838,12058,5794,3515,2856,1530,30,63,3
32555,12638,21145,11849,10821,7712,6469,5470,41,74,3
3573,63576,5891,17366,5793,15425,5297,3845,47,84,3
4030,2805,613,3753,4152,2668,2942,755,35,83,3
28448,31937,16765,4399,19772,10142,4649,5430,48,87,3
55017,15910,7369,32829,8606,16399,13496,8812,50,78,3
388472,23344,2141,8087,5467,6336,3747,2208,54,77,3
433358,21217,2542,2373,8110,13775,3550,6205,53,77,3
21646,33955,27672,13192,16948,12412,14311,5432,56,64,3
36601,41855,35176,11905,10141,10399,6328,4797,56,70,3
228766,127268,16739,60557,17909,21389,27116,38365,48,67,3
20783,3046,2949,4920,3317,3286,3200,2338,44,70,3
1991640,110548,4367,18018,56187,29538,10945,4283,40,90,3
691363,92205,12806,7646,10088,4435,5571,2317,41,75,3
112953,61696,444,2269,2693,1929,2526,1990,34,63,3
88109,22516,7593,27894,15681,16326,18149,36705,23,41,3
92343,21727,9154,2946,5638,4626,2447,2115,23,40,3
10629,1608,1036,9584,4209,2301,1215,1411,20,50,3
211663,8219,8536,7576,4916,3886,2310,1817,30,66,3
330929,88591,41411,2967,37832,24655,6066,8888,44,94,3
68625,115846,35296,3398,13152,18166,12187,5600,41,87,3
49420,12407,1230,5805,12019,9746,2580,3392,40,84,3
777108,108946,46428,8355,65227,35971,23383,22376,48,67,3
488691,259621,84607,93017,20050,32154,42629,20795,50,57,3
92518,41943,3850,7652,8111,4933,8918,2671,43,63,3
176494,98003,20101,5513,16034,6476,12664,5923,41,61,3
91207,44302,14968,6332,11015,5915,10611,6536,23,61,3
985193,56696,1925,6521,14031,3837,1835,3940,14,63,3
26501,23573,33597,12557,14838,7010,5160,4927,13,50,3
45147,10312,16429,33436,6582,15339,20335,4136,13,63,3
16069,12263,176,13212,6619,5657,6201,1699,26,81,3
73235,15451,5059,3157,1705,4779,4290,1982,35,84,3
60016,9420,772,3043,1890,5417,3112,1257,44,96,3
5848,10709,3980,1426,7186,4074,1172,1529,56,83,3
351050,109201,23395,26950,28308,24538,11444,7315,56,67,3
29732,6629,3755,3207,4980,1843,1200,613,53,63,3
17110,22361,20279,100324,26374,15231,22599,21970,48,63,3
2530502,236860,14913,34640,30337,60551,69592,42930,38,83,3
179313,117587,69281,17709,21158,50196,40510,20354,37,78,3
21259,24997,4912,13275,22932,69637,28366,32443,41,81,3
17942,21851,16082,16133,18397,20436,61214,13570,61,69,3
9369,21107,12072,12287,18701,46668,13576,17170,69,60,3
393233,241553,25909,30341,9844,45120,13835,9141,81,64,3
8906,3107,5634,3390,1859,11227,4524,4503,78,57,3
9565,28938,3904,20973,8673,15966,17336,22121,74,67,3
74200,61422,2849,2562,4579,10656,6181,4325,70,66,3
86710,31506,30957,31355,25427,38188,12890,9663,56,54,3
89265,19192,5767,4524,5018,15864,2955,1976,64,66,3
926754,65643,57431,18556,9472,14018,14999,23909,61,61,3
934957,249257,168335,62138,54306,160638,130182,199047,51,66,3
1378730,331737,80178,37922,9185,55488,57967,9820,57,84,3
1809943,186078,64531,39696,15124,23020,22637,10388,50,77,3
722048,821315,85845,46534,9116,45149,48756,35407,35,81,3
17586,7787,1484,1682,738,3260,1540,1474,29,66,3
536651,201360,833,29789,16771,47819,33506,12854,27,61,3
171034,60540,8367,9197,11608,34153,25271,7097,30,51,3
87983,60180,354,40815,31786,35517,10441,12897,44,44,3
84599,19444,2376,7284,5772,3366,5604,5223,60,50,3
566569,39923,31051,16560,10320,20583,23104,24035,53,51,3
934861,653599,159533,49301,37110,37180,26260,24435,54,67,3
2801047,186127,144237,41993,65588,71038,46227,31597,37,70,3
36597,34086,15848,6958,4524,7482,3830,4858,30,77,3
687645,616753,193155,42328,70258,48057,49485,46304,34,80,3
109395,14553,1928,14783,21670,44186,18463,19366,21,74,3
1124672,134298,33329,59856,21926,58851,25102,9003,48,70,3
603571,173031,9226,49503,32767,21656,22146,13343,50,69,3
631947,116593,17707,12829,3518,20530,10827,5959,47,64,3
2872004,263341,17489,53936,20624,10653,23205,18663,54,60,3
806688,88857,15005,28167,13901,45382,17962,23862,26,61,3
1348107,77122,47722,25358,24116,36739,20161,16939,27,57,3
408229,14002,5476,4212,823,1708,1612,1061,35,63,3
38593,24331,36851,22200,35455,34972,23657,11908,29,70,3
49148,14050,26407,14731,25113,74100,32634,17154,50,78,3
46659,29792,4632,8198,5444,19046,11036,3578,61,80,3
77998,53571,12974,18090,26717,39061,14885,31263,66,74,3
153771,39646,13801,3476,4519,8465,8827,6500,80,66,3
48651,10090,1277,1425,1592,1232,909,2076,74,61,3
611250,73690,23398,23229,20922,52453,11309,7258,53,56,3
47767,15613,2829,1260,317,1694,1942,601,51,57,3
3150,13705,4078,10213,5635,5820,3172,3153,38,56,3
267259,46322,7670,3839,4615,10719,2059,5041,41,61,3
16155,15035,4876,20459,24317,18475,13201,13990,44,60,3
34871,18990,2882,11275,15152,17316,19095,5121,47,61,3
5961,31924,8382,976,4862,6585,3767,1808,61,63,3
133254,33176,41460,17676,33221,18147,25754,10405,57,56,3
981402,33696,27244,56027,19182,12670,27562,9726,57,67,3
277557,389686,16764,45153,26089,39309,91576,31736,47,78,3
146445,49913,21841,6537,8495,9885,6282,6390,34,74,3
1219021,44964,16184,34578,22011,18882,17709,16716,30,78,3
396452,892906,542040,241539,189455,249102,260163,343716,34,77,3
323141,78759,11327,15254,23180,11499,10029,15360,34,77,3
385775,216209,57507,57854,30985,33066,22089,11907,34,77,3
294444,16190,11734,3018,10339,5530,4966,2522,34,66,3
78665,65053,6555,9386,11036,3090,6807,1609,38,78,3
70601,25569,9432,6997,1842,6617,1653,2307,27,70,3
35152,24880,5826,5740,2567,9166,5213,2502,26,69,3
93136,19715,2959,5757,4757,4070,3086,2693,34,67,3
16908,49625,6293,9335,8518,27965,12343,5551,30,64,3
96835,47080,3315,2664,1413,4068,5484,2612,50,63,3
76136,49984,3904,5452,17600,25551,15333,13570,44,50,3
86918,30984,3604,17376,26189,31677,18950,12671,48,40,3
12379,33326,6149,6684,7962,6121,2310,5295,60,37,3
139721,22398,6445,3305,4242,5778,1012,3210,51,40,3
9886,14387,7996,3365,3373,5146,4282,1250,56,48,3
87582,12576,2080,5365,2579,3156,5719,649,51,63,3
557493,69568,9154,14354,15864,34141,8384,6213,41,67,3
3787,119086,10712,43712,19226,39258,12120,20160,50,64,3
420357,135184,20946,12648,33887,17598,12368,6045,51,66,3
87888,83419,6926,3592,10235,5743,2041,2980,47,57,3
586729,708407,125179,45644,25993,46664,88286,166278,40,44,3
1104136,1059683,38675,327748,447255,418946,216960,298013,40,44,3
972064,524910,113593,63252,86983,109231,96295,168626,40,44,3
1764559,1261884,590128,236087,100727,93369,125158,187479,40,44,3
1647713,97250,22111,13859,34826,32960,25135,18779,21,54,3
26013,26716,1623,5796,4644,2903,2157,3678,23,50,3
77045,15334,7332,6692,3729,1349,1658,913,21,51,3
35351,38628,14110,6944,15109,13575,14710,9919,17,67,3
14950,23593,5560,19295,10887,15243,6070,8779,30,63,3
2396,3950,2103,754,1306,4146,2915,1846,34,70,3
11689,22854,1540,3486,13237,21962,5435,8768,48,74,3
18086,10119,4114,5187,2039,3124,2049,890,70,53,3
113251,108622,9271,47540,26815,30935,16675,8657,67,61,3
194917,27038,1453,490,610,1746,1171,501,64,56,3
1905527,244285,93151,80433,82127,37158,49447,26983,47,43,3
2064641,329561,30126,15260,51487,33698,32392,32126,29,60,3
943113,788450,458045,214215,52182,35535,18093,7884,24,43,3
52005,28599,2243,1897,2112,1995,1900,1027,10,51,3
1159163,105133,22008,8283,28184,22718,11342,6931,10,57,3
1286535,97263,16292,17299,45756,31356,33288,28839,14,50,3
281356,20865,13585,24033,13096,13820,15124,5976,21,56,3
88129,21122,11838,6962,7773,5915,2485,4567,40,56,3
25970,21861,7829,12282,3682,8907,12309,4351,47,69,3
243277,23099,5273,3683,1978,3220,1660,1642,48,80,3
261346,14240,7773,5943,6556,3240,2289,1323,40,83,3
16851,74719,10403,11464,10080,9142,3222,3017,35,80,3
35503,22019,989,2740,2853,2427,2273,2132,30,70,3
44792,9289,3617,16137,8039,6348,5010,6423,24,57,3
19359,21867,9505,12846,14672,23616,11033,10240,30,67,3
110367,55619,5705,12784,7760,12852,3570,4623,43,63,3
1498081,150975,9543,15856,6893,18041,7691,5241,48,63,3
2690486,248475,96457,59855,58315,55808,16110,17262,48,64,3
154947,44522,32565,7201,22295,23562,13150,5916,44,57,3
281080,43727,11102,27238,14291,16119,8970,3579,40,60,3
117352,91698,16753,15877,8197,5103,2027,2825,41,66,3
39330,3458,11906,976,4474,5004,3304,3950,34,74,3
54076,4881,1386,612,700,2000,634,548,38,81,3
391920,80586,59462,8781,24428,33138,12255,4649,40,77,3
1052694,323222,45449,27181,55911,21071,4937,6084,41,77,3
599477,155463,37083,17627,30490,23507,12502,8836,43,70,3
481533,128900,289069,63518,40864,29813,25731,8215,37,60,3
1264927,278116,4331,87035,26576,9825,4547,11534,24,77,3
87664,21039,5925,9799,4871,1914,1623,1199,8,70,3
21336,46904,27753,7915,29294,12285,8657,11238,8,83,3
75608,71247,20543,25147,18762,9892,5605,3395,10,87,3
1083460,213849,6174,22325,65090,45559,14503,16009,13,75,3
125298,3053,2439,1089,2983,1703,402,1221,27,63,3
554866,193185,54594,29431,8707,4509,25564,6733,41,60,3
913436,276965,118266,42815,82057,43141,51128,75965,24,60,3
1144431,211303,44044,72228,65088,25375,19393,24330,24,60,3
1413970,46606,13549,129857,8665,13794,5168,5701,24,57,3
1713324,219854,61019,35144,64052,73827,9682,14098,16,88,3
983596,112087,33224,30417,63389,43776,15188,9340,16,83,3
1728623,1210121,248343,248152,186287,374483,74445,11010,38,80,3
1785249,193295,75456,22519,39001,79890,13795,14004,38,80,3
82118,21405,5873,10791,2016,4376,1298,316,38,80,3
1145437,103855,5627,24744,6042,4970,3565,1783,38,80,3
287119,10842,5363,3329,5047,1671,1378,1206,30,77,3
254053,26502,2662,9278,3128,1710,513,308,34,63,3
788984,17677,10223,9949,6287,2109,1582,2426,17,66,3
281129,350364,85328,26652,23639,18266,13060,9461,7,75,3
967476,70768,38789,26150,17322,12999,17294,3954,8,77,3
238865,51126,21367,15763,1241,3477,3464,2816,8,78,3
589200,95546,66853,23017,41277,18387,21124,14766,7,84,3
191941,6251,10319,12171,6500,3667,1164,1072,11,81,3
744994,94789,42158,55246,21280,23249,9027,3139,21,94,3
98743,10929,34072,33874,12255,9180,6868,4366,23,94,3
551286,263363,27497,39791,45747,40056,23762,10999,30,100,3
251462,24448,4192,2299,1861,2121,551,388,34,96,3
227940,43697,14608,1114,1706,6161,6458,3599,27,81,3
19231,30516,1529,4575,11391,6503,6428,4150,27,75,3
3899,22316,7461,6073,9317,15498,4781,1973,30,48,3
64959,10337,9435,5018,3109,2456,1058,1739,41,51,3
37096,16883,984,5617,4346,2640,3022,1180,44,64,3
11699,11402,5832,3516,4426,16003,4529,5238,44,63,3
77397,11864,1294,6911,1502,1774,1438,1663,56,69,3
41226,43383,6577,10681,17782,9910,5068,2449,43,77,3
18661,9129,10065,6584,14796,7845,7632,7437,48,64,3
13248,18640,21442,12995,13204,3999,9145,3171,56,70,3
80089,39293,2645,13732,12821,6848,5607,6755,38,83,3
47498,15969,2169,659,245,1997,300,213,41,75,3
26324,11979,9728,2208,5435,13527,9688,7280,38,70,3
81090,63548,35048,7934,23489,18322,5935,4865,41,67,3
597497,218790,28093,31229,14243,14502,13774,14629,48,60,3
113462,45111,3167,2007,1725,1010,1082,1032,41,57,3
490440,72300,5928,11943,11443,10996,4352,3186,27,54,3
71111,35301,2154,12486,8264,6606,4917,3609,14,50,3
84934,36596,7015,5400,13827,5909,5652,3486,13,47,3
83937,50978,60578,14705,9324,8811,15299,5072,20,47,3
707469,37620,49687,20545,14770,13570,17425,7539,29,66,3
18995,32995,15448,12338,12143,11699,9737,12727,29,81,3
7070,15573,5481,8309,8020,16136,7661,10863,34,87,3
29935,33789,10028,19035,8423,20906,8539,10914,44,91,3
184629,46241,28358,34337,27429,16985,9262,6980,57,83,3
101904,45911,4265,20405,7264,3844,2036,1495,60,80,3
932075,166406,33655,24052,28342,7693,10407,11410,50,78,3
21903,31234,3325,15050,1126,6562,3392,1763,27,77,3
676091,197708,56571,57038,52989,42058,12570,10537,20,77,3
231537,83308,10000,3895,28057,29788,14775,8503,20,70,3
165236,44494,69557,5861,29877,22000,7053,7457,34,56,3
636106,181373,36547,19909,51108,32226,14716,17771,47,66,3
7008,9597,5835,8214,13548,5869,5310,2102,47,57,3
116676,67371,11449,9146,5669,7259,4728,4099,51,60,3
129650,149976,18390,105446,15620,38112,25038,6353,41,69,3
454013,68974,25161,25984,25942,56317,13042,2963,40,67,3
21403,48394,26034,15533,33478,14811,13141,9653,48,74,3
595681,146737,84628,22803,66249,19138,21810,19563,47,74,3
124545,30168,5141,3085,5247,7992,6313,6349,44,78,3
806962,142314,24713,7521,9909,12610,6661,5587,48,66,3
162227,26265,5712,2693,4184,2729,1660,3179,34,63,3
34336,5754,3212,3511,2185,1858,1634,546,26,56,3
638820,336777,104330,30416,21036,37702,36963,22852,30,60,3
356978,37457,6088,5453,3106,8131,4906,4087,24,64,3
570277,17865,29176,15185,37446,31199,19474,21412,30,66,3
889665,119890,17618,43981,58479,34197,10648,12186,47,74,3
44440,28967,3131,5767,3640,3038,1958,1736,48,66,3
406709,653081,54390,140543,155659,29471,66708,107747,48,63,3
1351984,88253,14973,10152,11901,12721,5626,2512,35,63,3
327331,52687,4974,1440,3937,3705,1759,2634,35,63,3
494121,25609,1010,7539,4842,3644,1788,1153,17,48,3
109284,18853,668,4278,3509,1517,2198,1409,13,44,3
265355,12250,3277,1788,5731,4041,3217,3253,13,44,3
86761,18746,17432,10586,3527,14617,5241,3221,26,44,3
99613,62097,15293,14612,2760,3789,2412,2723,40,61,3
124972,34145,23703,9780,7065,11748,5562,1223,34,66,3
29625,43174,7536,26737,29941,32027,21068,7810,40,78,3
75056,14999,5126,1596,2649,6958,3751,2072,44,81,3
193658,28903,3447,4961,12743,3912,1727,1178,44,74,3
